{"cameraMode":{"drawMode":0,"name":"Shaded","section":"Shading Mode"},"sceneLighting":true,"audioPlay":false,"sceneViewState":{"showFog":true,"showMaterialUpdate":true,"showSkybox":true,"showFlares":true,"showImageEffects":true,"showParticleSystems":true},"in2DMode":false,"pivot":{"x":-4.8956403732299809,"y":1.9405466318130494,"z":0.42286765575408938},"rotation":{"x":0.042784933000802997,"y":-0.6994649767875671,"z":0.042014628648757938,"w":0.7121705412864685},"size":2.5183451175689699,"orthographic":false}