{"cameraMode":{"drawMode":0,"name":"Shaded","section":"Shading Mode"},"sceneLighting":true,"audioPlay":false,"sceneViewState":{"showFog":true,"showMaterialUpdate":true,"showSkybox":true,"showFlares":true,"showImageEffects":true,"showParticleSystems":true},"in2DMode":false,"pivot":{"x":-1.8399877548217774,"y":0.3304086923599243,"z":0.23606973886489869},"rotation":{"x":0.13141469657421113,"y":-0.6411710977554321,"z":0.11270345747470856,"w":0.7476224303245544},"size":0.8991541266441345,"orthographic":false}