{"cameraMode":{"drawMode":0,"name":"Shaded","section":"Shading Mode"},"sceneLighting":true,"audioPlay":false,"sceneViewState":{"showFog":true,"showMaterialUpdate":true,"showSkybox":true,"showFlares":true,"showImageEffects":true,"showParticleSystems":true},"in2DMode":false,"pivot":{"x":-1.225415825843811,"y":0.08478391170501709,"z":-0.053712159395217898},"rotation":{"x":-0.07788407802581787,"y":0.827738344669342,"z":-0.1187610924243927,"w":-0.5428922176361084},"size":0.45793378353118899,"orthographic":false}