{"cameraMode":{"drawMode":0,"name":"Shaded","section":"Shading Mode"},"sceneLighting":true,"audioPlay":false,"sceneViewState":{"showFog":true,"showMaterialUpdate":true,"showSkybox":true,"showFlares":true,"showImageEffects":true,"showParticleSystems":true},"in2DMode":false,"pivot":{"x":-1.8446965217590333,"y":0.4435170888900757,"z":0.47496259212493899},"rotation":{"x":0.13141469657421113,"y":-0.6411710977554321,"z":0.11270345747470856,"w":0.7476224303245544},"size":1.4991540908813477,"orthographic":false}