{"cameraMode":{"drawMode":0,"name":"Shaded","section":"Shading Mode"},"sceneLighting":true,"audioPlay":false,"sceneViewState":{"showFog":true,"showMaterialUpdate":true,"showSkybox":true,"showFlares":true,"showImageEffects":true,"showParticleSystems":true},"in2DMode":false,"pivot":{"x":-1.0708427429199219,"y":0.5263541340827942,"z":-0.08494937419891358},"rotation":{"x":0.23472735285758973,"y":-0.15321527421474458,"z":0.03749425336718559,"w":0.9591816663742065},"size":0.9008459448814392,"orthographic":false}